,training_loss
0,3.00231083147405
1,3.468106851482941
2,2.9987440728837824
3,3.343209304189003
4,3.5005833123902175
5,2.991824463054497
6,2.9270113912354416
7,3.1952157861309347
8,2.8427045750528332
9,3.066962291215761
10,2.7647673910177657
11,3.114591099119902
12,3.4694187829906284
13,2.7390372916305585
14,3.182022088896168
15,3.201795633295459
16,3.193723523657894
17,3.010743832785167
18,2.8918790949495548
19,2.7377153470914215
20,3.026731334603751
21,2.8240578597749533
22,2.6754089551124904
23,3.3099512359002428
24,2.9458292073406174
25,2.908348753728849
26,2.5408898094004355
27,3.068320833407277
28,2.856903030092458
29,2.722983865034714
30,2.7092153289784857
31,2.761088883734841
32,2.7655951408051944
33,2.871435506915091
34,3.0763414040021138
35,2.7935459541441223
36,2.8560544047360583
37,2.820227143011763
38,2.829905641389516
39,2.6547203424582353
40,2.9308385654292204
41,3.1386568862616584
42,2.778744099117737
43,2.686003992695015
44,2.5655241518333955
45,2.5420514444708413
46,2.6333957751412735
47,2.4469612602435045
48,2.8475440447986036
49,2.281025490745864
50,2.7068324309791585
51,2.6704739284631245
52,2.569161741971147
53,2.3902259160858
54,2.672049076230147
55,2.8859639490731595
56,2.440625999910871
57,2.6368149699235284
58,2.7262927968239965
59,2.634057610250451
60,2.6004784974116784
61,2.7212930886401407
62,2.5531709104455502
63,3.183807593922947
64,2.5979658180172804
65,2.728317825795906
66,2.692323579274931
67,2.7711236587979893
68,2.245166587312562
69,2.348253466872518
70,2.5769417892884636
71,2.573340185613427
72,2.8259395697426544
73,2.7149665442113644
74,2.43282075066669
75,2.466978199694496
76,2.4826923409997037
77,2.553050518229338
78,2.452283651186229
79,2.4646918768941495
80,2.6391048123036835
81,2.523658012210547
82,2.302427441617543
83,2.6291424008982354
84,2.575163401055294
85,2.3099363333686567
86,2.738189933194567
87,2.4166732954645846
88,2.1512305463882266
89,2.5872213166882885
90,2.5591288779161214
91,2.8663869544220324
92,2.677076196039849
93,2.580388562379426
94,2.434560385379919
95,2.3272193366036866
96,2.7657977974193573
97,2.40952873253569
98,2.2374229874223466
99,2.54986709282412
100,2.2226329247014474
101,2.3343833578194353
102,2.2996881864066583
103,2.2971497789834574
104,2.473520156838543
105,2.244700620602533
106,2.5013969698768603
107,2.068134329659506
108,2.470240810459433
109,2.312650667096301
110,2.4499661292261745
111,2.288083050235883
112,2.0005282939712377
113,2.056854222183462
114,2.0577387330333585
115,2.2265916187202155
116,2.2489145040313905
117,2.366341218211368
118,2.2070893165248444
119,2.149717523660468
120,2.153991910312818
121,2.112314951419823
122,2.3959749539669573
123,2.237884372756584
124,1.971499976826693
125,2.2058272018316005
126,2.1184332050734134
127,2.03279274632145
128,2.401911297825095
129,2.234442986622009
130,1.9244988655140636
131,2.2489553716870576
132,2.1985380182989545
133,2.2194003686703327
134,1.989858176175522
135,2.191468172852196
136,2.248542725222287
137,2.1756792790026527
138,2.1318639046968944
139,1.9010736248188431
140,1.9786380258365732
141,2.317849144822212
142,2.1836277848646106
143,2.3581495674587942
144,2.0186180550420305
145,1.9790341391641673
146,1.9348746865241313
147,2.249702898530516
148,2.3318748252078114
149,2.1871663016926255
150,2.048177662882274
151,2.1710248765591738
152,1.7862205349138836
153,2.054172537442476
154,2.007152786407972
155,2.0659497220303904
156,1.9047427000454382
157,2.1454176932203612
158,2.005333556252283
159,1.870927306079818
160,1.8059362784524995
161,1.747546120005138
162,1.8868186817663846
163,2.113002353519815
164,1.8375039608113202
165,1.8494137819899255
166,2.0320670190059658
167,1.6508916114605643
168,1.699560312815503
169,1.9574360946050342
170,1.8812292602265654
171,2.0521001261408323
172,1.9111532657629473
173,1.9926050748296273
174,1.8143760762091472
175,1.6256874834405621
176,1.7566750387172734
177,1.9607542240257232
178,1.9514992295065938
179,1.9286371243397917
180,2.0514853874971024
181,1.9734954379275493
182,1.9939648587605594
183,1.707084824801014
184,1.724475430560979
185,2.056078290598532
186,1.999935246311468
187,1.8192049484269004
188,1.7201422705530107
189,2.092778682442292
190,2.0825429864182574
191,2.0587076088114107
192,1.9447893318140437
193,1.8345657328313394
194,1.922241721726835
195,1.8013565090679915
196,1.6590159181308375
197,1.8410961049502301
198,1.7960284788987226
199,1.9734108037817841
200,1.8737484772708835
201,1.6049574178812367
202,1.589546956911002
203,1.5893426229320875
204,1.794679988412922
205,1.8624942748718971
206,2.0300160948044397
207,1.9230554544309382
208,1.8249662221950727
209,1.9270557452308221
210,1.9137292244081132
211,1.6062418704782195
212,2.2925380771512387
213,1.9332502428031462
214,1.858208503962474
215,1.6477125384841933
216,1.8782315013682824
217,1.9259399386722373
218,1.63060989642077
219,1.9204029012852935
220,1.856577174660715
221,1.7507973384344582
222,1.6111731547749397
223,1.9866058931335018
224,1.9456075714504433
225,1.8059987082426325
226,1.8225870058176528
227,1.7936859169166945
228,1.4257397842052546
229,1.7325969481490437
230,1.3969118303988508
231,1.742852126472672
232,1.802724945258148
233,1.6953407830703042
234,1.7407448781241903
235,1.7108502824827518
236,1.67808320278473
237,1.7058645811954682
238,1.8419707783873989
239,1.5759120688815047
240,1.8093106394568519
241,1.4067810633350404
242,1.5473333574684498
243,1.5571891755240979
244,1.8858299381045498
245,1.7068259104681172
246,1.8113161687848
247,1.8229325619535621
248,1.7253947676709749
249,1.639841097300784
250,1.490276243361813
251,1.7994531808444967
252,1.6804742574485934
253,1.6544355316668073
254,1.4874481773586432
255,1.5905543667821838
256,1.7391290225809704
257,1.5488258151281056
258,1.6617276964144134
259,1.7115113175921466
260,1.6097676337985198
261,1.6530173681225586
262,1.7555517592083765
263,1.8993258762167247
264,1.4694191807477757
265,1.7068727323019888
266,1.7257150889583255
267,1.470931672081761
268,1.5682596652558667
269,1.3191262228230263
270,1.6568423343343879
271,1.7243497175697107
272,1.6936448352738445
273,1.6606281693773857
274,1.6812334407368983
275,1.537120005692888
276,1.5757163013058064
277,1.748734603801971
278,1.520486236367847
279,1.5154690032498563
280,1.5052612661371547
281,1.5838232885361077
282,1.3848815335468012
283,1.2117656044701066
284,1.493627082994806
285,1.481233064861301
286,1.4029113564942821
287,1.707044312686634
288,1.511649073282382
289,1.4625776428555184
290,1.2975635818445082
291,1.35554930579626
292,1.4361156434772782
293,1.4608161822560037
294,1.4634772480929177
295,1.4036384394100814
296,1.45616277278597
297,1.310122160297797
298,1.423263195798082
299,1.3855786461136523
300,1.381040317465215
301,1.6313799283787593
302,1.3205288736466816
303,1.4843940051504896
304,1.2161115390438157
305,1.5199491162075853
306,1.4153839980991831
307,1.3724033205240707
308,1.4038981155233492
309,1.4416150136150114
310,1.6161144923411157
311,1.3427143799655534
312,1.7939958395504325
313,1.6254984282086236
314,1.524885011103978
315,1.613078892351049
316,1.3492337846945366
317,1.5808454780528753
318,1.3589906394269227
319,1.2218417026065571
320,1.6105145402357215
321,1.4984241426890414
322,1.470637706256892
323,1.3045429846403764
324,1.6021885016085073
325,1.2987141197407976
326,1.366128473157408
327,1.3626395713692419
328,1.4577003818471885
329,1.4408942403726814
330,1.296080000661312
331,1.2988266422591144
332,1.6254645428932941
333,1.613916969361283
334,1.4071687243869375
335,1.3054355662519945
336,1.3142509821637922
337,1.4418458320490624
338,1.1644762337890726
339,1.621246876794628
340,1.1314560664488638
341,1.4192931372890052
342,1.4040849354566296
343,1.6017817646977257
344,1.6952257455194024
345,1.3843094748757152
346,1.1518677364986583
347,1.3416038240586405
348,1.1344437425293172
349,1.0894605573587512
350,1.456231492142716
351,1.5409757093308625
352,1.4208258480024865
353,1.251627960203468
354,1.3598837814860179
355,1.4691819291458221
356,1.438669423197539
357,1.325564499101307
358,1.272635308153834
359,1.3932921715444337
360,1.2566617418580532
361,1.3360951634571143
362,1.2230827291024202
363,1.4777974429908485
364,1.352335577688404
365,1.3651674007986778
366,1.3273089716534705
367,1.2252145707186066
368,1.106309532770255
369,1.528442758906185
370,1.3791544641350668
371,1.1284673770814677
372,1.052941143253087
373,1.5281003596843772
374,1.2635872836350708
375,1.2824395817896366
376,1.330703707568344
377,1.247772615121609
378,1.3166642068435856
379,1.2536130169072148
380,1.287526290174548
381,1.468731467943722
382,1.1314262785160445
383,1.28365794397982
384,1.3781238242535998
385,1.2514440666170608
386,1.2939055405654167
387,1.1930956899612184
388,1.1967498480152863
389,1.2750801023103193
390,1.3320673442663107
391,1.2851845583714303
392,1.1709552443461906
393,1.4565668102569824
394,1.339235959832216
395,1.2119986405724357
396,1.2986531452028152
397,1.2577312724566183
398,1.198445107857042
399,1.4764382233417472
400,1.0058838701812651
401,1.119854464938754
402,1.4841027520796133
403,1.4923723118883112
404,1.2530531590997689
405,1.4615472437795303
406,1.2429810498170442
407,1.4686871823842598
408,1.098188708791927
409,1.1475879048801776
410,1.315736154057494
411,1.0257903586345776
412,1.4299413300785695
413,1.2919630037419287
414,1.310097864476195
415,1.1941055664871998
416,1.305328252817544
417,1.1047984942758222
418,1.0091247296922066
419,1.4712658027041605
420,1.1754159393586907
421,1.1205793285891
422,1.0797279258692882
423,1.0556242444070236
424,0.882215314587187
425,1.098202984493115
426,1.4515367910134833
427,1.3711122242303562
428,1.4984548040432648
429,1.388189717577402
430,1.2211195598489735
431,1.169190764068957
432,1.309136691121989
433,1.4405105944203132
434,1.1626009378935296
435,1.3109758039980017
436,1.2559962239830185
437,1.0316194025113088
438,1.136332645145814
439,1.1221305655448335
440,1.196469030098069
441,1.4224250237916052
442,1.2406182700973885
443,1.1483267085977973
444,1.3407842719049818
445,1.0986262723714821
446,1.0605477235948317
447,1.0560673303791175
448,1.396367321272956
449,1.285956219044677
450,0.878842915454598
451,1.331269411010588
452,1.2680509170248824
453,1.3221132718161428
454,1.1937850074943896
455,1.5517059737586505
456,1.236142115539867
457,1.1119210454855122
458,1.140489113319385
459,1.044275477973298
460,1.0990271736265749
461,1.0679849297950117
462,1.1468447443391654
463,1.0137262325279017
464,1.538844379255344
465,1.117350731549318
466,0.9779835109222248
467,1.1469381386766673
468,1.257252685351766
469,0.8630697840240039
470,1.2271238293419153
471,1.1834221799747475
472,1.3606224787980048
473,1.2516807874475886
474,1.13011431827992
475,1.1907725548561152
476,1.143894030446923
477,1.249511688104855
478,1.2729571114330371
479,1.2097303000030641
480,1.192576693518777
481,1.0819994784828915
482,1.0344109412757185
483,0.9907553037227931
484,1.24408884859706
485,1.0556293953659284
486,1.135781546709532
487,0.978080604088056
488,1.2299619029626685
489,1.1592583543837045
490,1.0900464302074513
491,1.2275791071361697
492,1.1132265925304252
493,1.20083094255694
494,1.2891079545967177
495,1.340959326052994
496,0.9388883969204441
497,1.2460203423035339
498,1.2956924242538597
499,1.1504606777769042
500,0.9413491201924272
501,1.1978328977083317
502,1.0315950052901974
503,1.226960997427851
504,1.173996999734299
505,0.834852415153827
506,1.212180540018781
507,1.211022112215423
508,0.8254912138899835
509,1.0208574853519625
510,1.0862969726144076
511,0.9846878758808206
512,1.1192778259694998
513,1.0145713659896665
514,1.237187714057847
515,1.0667062540060932
516,1.1363515086184546
517,1.2016196484245008
518,1.0851516054570758
519,1.1699997232133645
520,0.9801385720201549
521,1.0614022462722952
522,1.226503360825467
523,1.0279886646055088
524,1.0420119126008414
525,1.0503213717818674
526,0.8666956576455916
527,1.0874837370958843
528,0.9571477393187056
529,1.0374079770333555
530,1.1146821226398276
531,1.0092789143960892
532,1.0178467609799728
533,1.2904427192262005
534,1.009711753785639
535,0.9813409859464239
536,1.0578318217067646
537,1.0382082956548695
538,1.1474096916816114
539,1.1634889017092545
540,1.131237160781971
541,0.9222503604223872
542,1.009459415292417
543,1.0665972756542952
544,1.2067765268463342
545,1.0278578788715595
546,1.074112576560676
547,1.023542584239451
548,0.9485074086145342
549,1.142849491079632
550,1.2139060105192467
551,1.1004909758950425
552,1.010672089365307
553,0.9543506000525521
554,0.9775615643644894
555,1.0140059433677973
556,0.9725157441748342
557,0.8205754652263691
558,0.856644615487395
559,1.124771121383481
560,0.9098687462794789
561,0.9872798872151649
562,1.113064072579799
563,0.9492884905203747
564,1.1042447301255875
565,1.0402740659239111
566,0.9471620691410366
567,0.9838537823820248
568,0.9865074435405146
569,0.9082756511954564
570,1.2478328162613603
571,0.816589342616153
572,1.2106036335021748
573,0.9642529074320499
574,0.7333545717050691
575,1.2832232564253987
576,0.8915107891236986
577,0.8087555623370669
578,0.9151061068148905
579,0.9602235628531409
580,0.9898370812806658
581,0.9504301225260897
582,0.9394156544194096
583,1.1780446570636223
584,0.8196380551304958
585,1.0284615541462436
586,0.9335780586776251
587,0.8863731459914409
588,0.9609863100494219
589,1.0104073445061992
590,0.884127672627897
591,0.765571108106148
592,0.9359331230837625
593,0.9428009970997576
594,1.1040162458271952
595,0.9705451553144284
596,0.9190730379967631
597,0.8707139864410871
598,1.0718452958989046
599,1.011948842798663
600,0.8028999290293541
601,0.947218715943253
602,0.9328887694631166
603,0.9196927914857723
604,1.1065474793629257
605,1.0698557678472524
606,1.0759339088989008
607,1.0408179243765923
608,0.8464330628959786
609,0.9694849919795446
610,1.2024903673952856
611,0.9614793522193896
612,1.097427583322094
613,0.9060031625347998
614,1.0483436414098142
615,0.9644830857472317
616,0.8670428890034817
617,0.9806853102102476
618,1.2315155767475299
619,0.8939432489664831
620,0.838954821305202
621,1.0268973352843842
622,1.0107651317731163
623,0.904247471848852
624,1.0134277804628082
625,1.001519956518591
626,1.0873734916639064
627,1.1332066073989435
628,0.7761660581518005
629,1.0017330821059307
630,0.8594649871703743
631,0.9626022794890382
632,1.311905915972487
633,0.8966876205121406
634,0.8807643586668955
635,0.9258250067149305
636,1.1203348312672177
637,0.6895125253897458
638,0.8534809045430432
639,0.793427960545324
640,1.0537854033025584
641,0.9688657364573767
642,0.9331630024014121
643,1.0949597081994964
644,0.8023122605553512
645,0.9452228574066455
646,1.0130840558689647
647,0.9007327009667415
648,0.9817850316168552
649,0.904139145825987
650,0.9918211745156789
651,1.0247064616703079
652,0.9555151396873187
653,0.6456638074627942
654,0.8714188204100058
655,1.1073198923590954
656,1.1219632355459315
657,1.0400951901399873
658,1.0437588939565243
659,0.8492984032469311
660,0.8928920260664208
661,1.0042416810454338
662,0.9904119228295012
663,0.9865061444914371
664,0.9320826690773187
665,0.8112253413147914
666,0.787415984774475
667,0.8757762390026756
668,0.9237505759612514
669,0.9382817240103669
670,0.913500676928338
671,1.1123357207246034
672,0.9113892748166303
673,0.8970214115508192
674,0.8143723285698079
675,0.7242567861339887
676,0.8732686153332971
677,0.7978847393585022
678,0.9316448767289239
679,0.8265595955994105
680,0.8378212860188111
681,0.7713121841736416
682,1.0706415883620926
683,0.9380313949633114
684,0.7517340039417452
685,1.1120432528910942
686,0.9912369925641288
687,1.294976777813336
688,0.9515478576597478
689,0.8938646447736428
690,0.8897479775063925
691,0.8045488442056989
692,1.0476844100138716
693,0.9914509854153049
694,0.9240742314108755
695,0.7903496105564903
696,0.8266534008713105
697,0.7543374425114903
698,0.8979791845039635
699,1.0531338130165495
700,0.8524597347781763
701,1.1605187413065199
702,0.9976381122915392
703,0.7833102403836395
704,1.113616879741445
705,0.9171534845399896
706,0.782152838583594
707,0.8697311788444084
708,0.7931369409471526
709,0.7130021116804349
710,0.8708635503191701
711,0.7659040116026142
712,0.8147001097904462
713,0.5870240989645971
714,0.7618050206271376
715,0.8332621194346816
716,1.025703103391528
717,0.7591025933421398
718,0.8750550854171667
719,1.0481304440937596
720,0.7762004435601167
721,0.7313585521216591
722,0.8927791471775944
723,0.7353347966966537
724,1.019392286899316
725,1.3687137746612428
726,0.7502034384805476
727,0.7379550876468695
728,0.7168092291028789
729,0.9926246920480983
730,0.7696278777839578
731,0.7309390298810353
732,0.7326528936432841
733,0.7340304816592278
734,0.8776833557888348
735,0.9055975806813895
736,1.0403819569180774
737,1.0991586647241407
738,0.9316128205618412
739,0.9366682751627993
740,0.8593302129509831
741,0.8122714759916368
742,0.8876609982133742
743,0.8398561911248948
744,1.037267439804916
745,0.9126527477917162
746,1.0637897664709803
747,0.8731770092557584
748,0.837359479757814
749,0.6236366022964205
750,0.9341596339595519
751,0.7132789733051991
752,0.7609266080278435
753,0.6891092171565535
754,0.6945004908226466
755,0.8110621207199444
756,1.0243192969986545
757,0.7865022541823907
758,0.8887959799471714
759,0.5499383601973002
760,1.0354060253189792
761,0.638499049619722
762,0.8921462922212301
763,0.6650681157242424
764,0.8037892067615876
765,1.245945386844279
766,0.6816759654931779
767,0.9338564587783702
768,0.6515038619154465
769,0.810488348500913
770,0.8438848877370917
771,0.8487346523421544
772,0.8454670058102138
773,0.9300485905681295
774,0.8787434750839155
775,1.0065312616034863
776,0.9680309576783062
777,0.6544279844870502
778,0.8494760347638126
779,0.8132776535833112
780,0.7206448792789805
781,0.7207467063170293
782,1.0096104441371379
783,0.6736525498230312
784,1.0500923284726282
785,0.6960681994485627
786,1.000857585707715
787,0.8946271031284119
788,0.8132890365939511
789,0.6939586196012487
790,0.8137201940801299
791,0.6345196235110193
792,0.8817770121278542
793,0.8126302669696726
794,0.7745316190112042
795,0.6934684132186087
796,0.8781664060698788
797,0.7708093658262594
798,0.7881632958761086
799,0.6776631919023822
800,0.8996688166108988
801,0.9460073067859581
802,0.7472509845087763
803,0.9218665804186439
804,0.7131340601066897
805,0.8598244112044298
806,0.8275406094537304
807,0.8097603285503224
808,0.7130669832199493
809,0.8250800915280682
810,0.7096983685385965
811,0.7604798271794785
812,0.8541002924788783
813,0.6223745403235557
814,0.8503263472836948
815,1.0525861384216495
816,0.7988325228875969
817,0.8105672801020125
818,0.8623627085547629
819,0.851511909928125
820,0.5620954282694075
821,0.7673885242608791
822,1.1274706915639248
823,0.9761417422211891
824,0.7660853324798579
825,1.0430055790999229
826,0.8961947770306594
827,0.9657481017030004
828,0.8917200588755435
829,0.7300581637467595
830,0.8233470005263439
831,0.7710628067404164
832,0.634998046255419
833,0.6747583285764365
834,0.7790856232496016
835,0.9731759871017149
836,0.866594588562252
837,0.9032756753896508
838,0.7295451442345064
839,1.1725756514497945
840,0.7897244399229224
841,0.8341493200418529
842,1.0172243090263833
843,0.881470214160159
844,1.0066370241850329
845,1.2526271149456765
846,0.7412619181025698
847,0.9121707585320145
848,0.8147969981073677
849,0.9852477020722031
850,0.6783228702697494
851,0.7234550745024173
852,0.8053753325198417
853,0.759909379699619
854,0.994334269841488
855,0.7619533560544535
856,0.711683575276094
857,0.7750279612639523
858,1.0737937815652832
859,0.7602517509911694
860,1.024217908377426
861,0.8182236463412766
862,0.8386711057650884
863,0.7476385192689095
864,0.8307021907944987
865,0.6282054697276387
866,0.7630408872291022
867,0.7425546933501088
868,0.6388948883542639
869,0.9559856412500787
870,0.7883271148030713
871,0.7196219202664672
872,0.6789214200550903
873,0.6718928169457539
874,0.7587969803479631
875,0.9923957536752439
876,0.8398227027767439
877,0.8880944483241393
878,0.6527357165384192
879,0.9844309560252644
880,1.1403370888267441
881,0.8209707017314157
882,0.5474532094512555
883,1.0455701943800346
884,0.8277868393401745
885,0.9721986889838403
886,0.6142748128258049
887,0.6718878897112749
888,0.6451298125548612
889,1.0032112976066268
890,0.6800605903853141
891,0.9711106478312135
892,0.8624894070339011
893,0.8488519447347236
894,0.8789414333763284
895,0.9719552197699755
896,0.8406324271242934
897,0.7732135636435444
898,0.8702214941275753
899,0.9605961029513789
900,0.7271138553760192
901,0.8360315167887609
902,0.8156460673879328
903,0.7941814563412696
904,0.6862100897802393
905,0.8930325641822624
906,0.8506654380134031
907,1.0435597112131092
908,0.7280673724929286
909,0.9272358045643833
910,0.8130805184781832
911,0.5819177183503875
912,0.6121827217634361
913,0.8779569569968652
914,0.7642097647786075
915,0.7327971054859473
916,0.8098885033990382
917,0.7007469223087887
918,0.6372133030697996
919,0.7616500310804477
920,0.7510070536293532
921,0.7057024814153081
922,0.6433329428839032
923,0.7526393744320796
924,0.8155585985720224
925,1.0525402473189311
926,0.8506633664540253
927,0.6560342834958981
928,0.8793324548019146
929,0.8599631403410775
930,0.5275914140080671
931,0.8735815187040644
932,0.7152120593727791
933,0.628474870546134
934,0.7782368071640107
935,0.7799891036766532
936,0.645553331002117
937,0.6994386656276822
938,0.6273890140503251
939,0.7553350999181258
940,0.7597699019426478
941,0.5653041348293689
942,0.7959470823308105
943,0.755059059394801
944,0.6441989095552907
945,0.7179983254812857
946,0.8877683930419831
947,0.8675664193455104
948,0.7346199073204913
949,0.6400656194983724
950,0.8077170038612479
951,0.6314602958540294
952,0.6985770652365207
953,0.7354765388324634
954,0.5395542497692808
955,0.5551160466238426
956,0.6996087973743651
957,0.8043782998286707
958,0.860170706052771
959,0.750490243879751
960,0.6894090418672804
961,0.6912194785498447
962,0.7274894650287794
963,0.6424676928971707
964,0.6368777171166577
965,0.6332598375032762
966,0.733552121079779
967,0.8032582658484853
968,0.5500967449448356
969,0.9752557581870479
970,0.8535940408559675
971,0.6307794433829328
972,0.7167255728915061
973,0.8245183954176954
974,0.7211923945862531
975,0.7482016575752302
976,0.6753812004245207
977,0.6395915349052869
978,0.9335382877379975
979,0.57746090114619
980,0.7122757340781534
981,0.6786349943412957
982,0.7857547502913466
983,0.7399995736948423
984,0.9561526950506953
985,1.0608744144915527
986,0.6337397965834092
987,0.6379239998647841
988,0.5808098224297483
989,0.9225993520386876
990,0.6165976981189515
991,0.7976004263250033
992,0.7355187535727348
993,0.637386008807113
994,0.7735183796628685
995,0.8128204159664986
996,0.773158535995679
997,0.8147677736644441
998,0.6781707131072746
999,0.9130166441428043
1000,0.759083193051202
1001,0.6222110307149532
1002,0.5644367492852146
1003,0.746624614763184
1004,0.7944152181663071
1005,0.7183383256253825
1006,0.7896871171878846
1007,0.7162334228087894
1008,0.8146169193138322
1009,0.5551600108670818
1010,0.6322131276413095
1011,0.6610300392892552
1012,0.8876940009171149
1013,0.6502032385916481
1014,0.6396863830347936
1015,0.5533989394254316
1016,0.7501182037128405
1017,0.6736949970055187
1018,0.60933285652985
1019,0.5822654835329152
1020,0.8112387257820436
1021,0.6989123600849692
1022,0.9788689830240216
1023,0.7872144653007299
1024,0.7275216663039547
1025,0.7143929779418872
1026,0.6271466808460646
1027,0.7033233300670942
1028,0.6369220747512534
1029,0.9644149295112091
1030,0.7640824400163421
1031,0.7687950784169878
1032,0.7255562903853072
1033,0.7301069312768896
1034,0.8766715571606362
1035,0.6784777464179652
1036,0.6674973772898286
1037,0.9083642113574496
1038,0.7945715345147818
1039,0.6857815899229329
1040,0.9551886942012162
1041,0.6741703073721587
1042,0.893476209593993
1043,0.7338922319226217
1044,0.7481513623531231
1045,0.5658083407477501
1046,0.6535433816977405
1047,0.9088867236749774
1048,0.7199193531742557
1049,0.5500201381042139
1050,0.6540976319376933
1051,0.8964854838182726
1052,0.7814010089562289
1053,0.7278005346942953
1054,0.719147924893824
1055,0.5876353178947431
1056,0.5358363213762122
1057,0.8915530456649445
1058,0.8198164226362811
1059,0.6165347667228593
1060,0.7519092570421151
1061,0.6696131196816583
1062,0.6656858331264359
1063,0.6581016043448493
1064,0.5947488920410025
1065,0.80117201359841
1066,0.8328737031703828
1067,0.7667358542888517
1068,0.5460765270042331
1069,0.6957212737016344
1070,0.8597343503252308
1071,0.5103231903519244
1072,0.6625670114990683
1073,0.8403892093711974
1074,0.8202443626354864
1075,0.7750474802348775
1076,0.6794174411917308
1077,0.6157040352469277
1078,0.815007224989634
1079,0.6215121019533574
1080,0.8487104938210693
1081,0.48873160644925534
1082,0.548665159500832
1083,0.7594943859844742
1084,0.6738297100657846
1085,0.8179360487988508
1086,0.6005235500957232
1087,0.7527089798581786
1088,0.8329783820439656
1089,0.7325748542890581
1090,0.7451434484693583
1091,0.9293320622947341
1092,0.5215987021132005
1093,0.6779918877607594
1094,0.602697463160301
1095,0.6250051761820393
1096,0.8677201688579237
1097,0.7651625120712976
1098,0.7209981376757217
1099,0.8779168600837554
1100,0.7725333304603307
1101,0.8730281394008236
1102,0.7435764521059188
1103,0.6717162299326356
1104,0.6819757438043367
1105,0.6177316452309283
1106,0.5731520293533984
1107,0.5354380481765042
1108,0.8202162539089004
1109,0.7323498609382085
1110,0.6684603954105564
1111,0.5107471646981644
1112,0.716905122154931
1113,0.6209219384681907
1114,0.6300286643637703
1115,0.640435790242452
1116,0.6909686028268044
1117,0.6485966114661949
1118,0.7221732127844547
1119,1.0357770098706818
1120,0.7344368536145869
1121,0.6998300477911187
1122,0.48974178085078307
1123,0.5936837101300934
1124,0.5656994569925109
1125,0.6161694341826499
1126,0.8437624022489696
1127,0.7422100343687188
1128,0.6346231288315841
1129,0.7583975269177149
1130,0.5577836742888929
1131,0.5223483106512422
1132,0.4318170144793627
1133,0.8511927990910577
1134,0.6797500540969499
1135,0.47514791807828244
1136,0.5465296956657819
1137,0.5898332795851902
1138,0.8539657807793357
1139,0.5538471785231817
1140,0.6513493854710544
1141,0.5602062866842666
1142,0.6929619228272513
1143,0.6172153634666381
1144,0.8793360415096187
1145,0.6698100601998607
1146,0.527102191771589
1147,0.6413251507478624
1148,0.6904015597057693
1149,0.6292278008205503
1150,0.796382062854607
1151,0.904215194320261
1152,0.781636910622142
1153,0.5462365991138795
1154,0.6029112346161377
1155,0.6852433852898736
1156,0.5558316079710255
1157,0.3813296907913772
1158,0.7257604545098991
1159,0.49989382345935324
1160,0.5944631292996054
1161,0.8238140354572141
1162,0.6622589424533166
1163,0.6291291720376411
1164,0.5514816056008308
1165,0.6939079833338286
1166,0.8879683603504208
1167,0.828256795289884
1168,0.8910960699968862
1169,0.6901198190816697
1170,0.6755955427554572
1171,0.6905116931504272
1172,0.5134336891079556
1173,0.8375646076655612
1174,0.523310532496559
1175,0.5256067066511478
1176,0.5831064073748273
1177,0.747788775487538
1178,0.7521723845057302
1179,0.48498873381859586
1180,0.5402446395373803
1181,0.7884956904316667
1182,0.7828782712443482
1183,0.7871041795985297
1184,0.6633984837838767
1185,0.5732679170074235
1186,0.6527434638339044
1187,0.7366791729464933
1188,0.6894208247512184
1189,0.5766409587630831
1190,0.7362067325230842
1191,0.7231860920196373
1192,0.6078193637687046
1193,0.948189924828556
1194,0.8372982712965538
1195,0.6536115178273373
1196,0.568595210049015
1197,0.4942285480030579
1198,0.7409452337563368
1199,0.677465234218246
